INSERT INTO tipo_licencia (codigo,descripcion) VALUES
('A','Automovilista'),
('B','Chofer de Servicio Particular'),
('C','Motociclista'),
('D','Transporte de Carga'),
('E','Transporte Público'),
('F','Vehículos Pesados');

INSERT INTO marca (codigo,nombre) VALUES
('TOY','Toyota'),
('NIS','Nissan'),
('FOR','Ford'),
('CHE','Chevrolet'),
('VW','Volkswagen'),
('HON','Honda'),
('HYU','Hyundai'),
('KIA','Kia'),
('MAZ','Mazda'),
('BMW','BMW'),
('AUD','Audi'),
('MER','Mercedes-Benz'),
('PEU','Peugeot'),
('REN','Renault'),
('SUZ','Suzuki'),
('MIT','Mitsubishi'),
('VOL','Volvo'),
('RAM','RAM'),
('JEE','Jeep'),
('TES','Tesla'),
('BYD','BYD'),
('GMC','GMC'),
('ISU','Isuzu'),
('FIAT','Fiat'),
('SEAT','SEAT');

INSERT INTO modelo (codigo,nombre, periodo, marca) VALUES
('TOY1','Toyota Modelo 1', "2024", "TOY"),
('TOY2','Toyota Modelo 2', "2023", "TOY"),
('NIS1','Nissan Modelo 1', "2024", "NIS"),
('NIS2','Nissan Modelo 2', "2023", "NIS"),
('FOR1','Ford Modelo 1', "2024", "FOR"),
('FOR2','Ford Modelo 2', "2023", "FOR"),
('CHE1','Chevrolet Modelo 1', "2024", "CHE"),
('CHE2','Chevrolet Modelo 2', "2023", "CHE"),
('VW1','Volkswagen Modelo 1', "2024", "VW"),
('VW2','Volkswagen Modelo 2', "2023", "VW"),
('HON1','Honda Modelo 1', "2024", "HON"),
('HON2','Honda Modelo 2', "2023", "HON"),
('HYU1','Hyundai Modelo 1', "2024", "HYU"),
('HYU2','Hyundai Modelo 2', "2023", "HYU"),
('KIA1','Kia Modelo 1', "2024", "KIA"),
('KIA2','Kia Modelo 2', "2023", "KIA"),
('MAZ1','Mazda Modelo 1', "2024", "MAZ"),
('MAZ2','Mazda Modelo 2', "2023", "MAZ"),
('BMW1','BMW Modelo 1', "2024", "BMW"),
('BMW2','BMW Modelo 2', "2023", "BMW"),
('AUD1','Audi Modelo 1', "2024", "AUD"),
('AUD2','Audi Modelo 2', "2023", "AUD"),
('MER1','Mercedes-Benz Modelo 1', "2024", "MER"),
('MER2','Mercedes-Benz Modelo 2', "2023", "MER"),
('PEU1','Peugeot Modelo 1', "2024", "PEU"),
('PEU2','Peugeot Modelo 2', "2023", "PEU"),
('REN1','Renault Modelo 1', "2024", "REN"),
('REN2','Renault Modelo 2', "2023", "REN"),
('SUZ1','Suzuki Modelo 1', "2024", "SUZ"),
('SUZ2','Suzuki Modelo 2', "2023", "SUZ"),
('MIT1','Mitsubishi Modelo 1', "2024", "MIT"),
('MIT2','Mitsubishi Modelo 2', "2023", "MIT"),
('VOL1','Volvo Modelo 1', "2024", "VOL"),
('VOL2','Volvo Modelo 2', "2023", "VOL"),
('RAM1','RAM Modelo 1', "2024", "RAM"),
('RAM2','RAM Modelo 2', "2023", "RAM"),
('JEE1','Jeep Modelo 1', "2024", "JEE"),
('JEE2','Jeep Modelo 2', "2023", "JEE"),
('TES1','Tesla Modelo 1', "2024", "TES"),
('TES2','Tesla Modelo 2', "2023", "TES"),
('BYD1','BYD Modelo 1', "2024", "BYD"),
('BYD2','BYD Modelo 2', "2023", "BYD"),
('GMC1','GMC Modelo 1', "2024", "GMC"),
('GMC2','GMC Modelo 2', "2023", "GMC"),
('ISU1','Isuzu Modelo 1', "2024", "ISU"),
('ISU2','Isuzu Modelo 2', "2023", "ISU"),
('FIT1','Fiat Modelo 1', "2024", "FIAT"),
('FIT2','Fiat Modelo 2', "2023", "FIAT"),
('SET1','SEAT Modelo 1', "2024", "SEAT"),
('SET2','SEAT Modelo 2', "2023", "SEAT");

INSERT INTO edo_mantenimiento (descripcion) VALUES
('Pendiente'),
('En Proceso'),
('Finalizado'),
('Cancelado'),
('Reprogramado'),
('En Espera de Repuestos'),
('En Diagnóstico'),
('Autorizado'),
('Rechazado');

INSERT INTO edo_solicitud (descripcion) VALUES
('Pendiente'),
('Aprobada'),
('Rechazada'),
('En Curso'),
('Finalizada'),
('Cancelada'),
('Archivada'),
('En Espera'),
('Revisada');

INSERT INTO tipo_mantenimiento VALUES
('PREV','Preventivo'),
('CORR','Correctivo'),
('LAVA','Lavado y Limpieza'),
('ELEC','Sistema Eléctrico'),
('PINT','Pintura'),
('MOTO','Motor'),
('TRAN','Transmisión'),
('SUSP','Suspensión'),
('FREN','Frenos'),
('NEUM','Neumáticos');

INSERT INTO nvl_importancia (descripcion) VALUES
('Baja'),
('Media'),
('Alta'),
('Urgente'),
('Crítica');

INSERT INTO nvl_cobertura (descripcion) VALUES
('Limitada'),
('Amplia'),
('Premium/Total'),
('Básica'),
('Plus');

INSERT INTO tipo_empleado (codigo,descripcion) VALUES
('DRV','Conductor'),
('MEC','Mecánico'),
('ADM','Administrativo'),
('SUP','Supervisor'),
('LIM','Limpieza'),
('SEG','Seguridad'),
('TEC','Técnico'),
('GER','Gerente'),
('ASD','Asistente'),
('CON','Consultor');

INSERT INTO aseguradora (codigo,nombre,nombreFiscal) VALUES
('AXA','AXA Seguros', 'AXA Seguros, S.A. de C.V.'),
('GNP','GNP Seguros', 'GNP Seguros, S.A.B.'),
('CHUBB','Chubb', 'Chubb Seguros México, S.A.'),
('QUAL','Qualitas', 'Qualitas, Compañía de Seguros, S.A.B.'),
('ZUR','Zurich', 'Zurich Compañía de Seguros, S.A.'),
('MAPF','Mapfre', 'Mapfre México, S.A.'),
('HDI','HDI Seguros', 'HDI Seguros, S.A. de C.V.'),
('ATLAS','Seguros Atlas', 'Seguros Atlas, S.A.'),
('ANA','ANA Seguros', 'ANA Compañía de Seguros, S.A. de C.V.'),
('ABA','ABA Seguros', 'ABA Seguros, S.A. de C.V.'),
('SEGU','Seguros del Centro', 'Seguros del Centro, S.A. de C.V.'),
('INSU','Insur', 'Insur México, S.A.'),
('RSA','RSA México', 'RSA México, S.A. de C.V.'),
('BERK','Berkley', 'Berkley International Seguros, S.A.'),
('METL','MetLife', 'MetLife México, S.A. de C.V.'),
('BAN','Banorte Seguros', 'Banorte Seguros, S.A. de C.V.'),
('BUPA','Bupa México', 'Bupa México, S.A. de C.V.'),
('LIBE','Liberty Seguros', 'Liberty Seguros, S.A. de C.V.'),
('SURA','Sura', 'Seguros Sura, S.A. de C.V.'),
('BBVA','BBVA Seguros', 'BBVA Seguros, S.A. de C.V.'),
('AFIR','Afirme', 'Afirme Seguros, S.A. de C.V.'),
('POTR','Protección Total', 'Protección Total, S.A. de C.V.'),
('SANT','Santander Seguros', 'Santander Seguros, S.A. de C.V.'),
('QBE','QBE', 'QBE México, S.A. de C.V.'),
('GRAL','Generali México', 'Generali México, S.A. de C.V.');

INSERT INTO tipo_observacion (codigo,descripcion, tipo_mantenimiento) VALUES
('OBS001','Limpieza exterior', 'LAVA'),
('OBS002','Limpieza interior', 'LAVA'),
('OBS003','Revisión de aceite', 'PREV'),
('OBS004','Cambio de frenos', 'PREV'),
('OBS005','Revisión de motor', 'CORR'),
('OBS006','Cambio de llantas', 'CORR'),
('OBS007','Nivel de refrigerante', 'PREV'),
('OBS008','Revisión de luces', 'PREV'),
('OBS009','Fuga de aceite', 'CORR'),
('OBS010','Golpe en carrocería', 'CORR'),
('OBS011','Revisión eléctrica', 'ELEC'),
('OBS012','Ruido en suspensión', 'SUSP'),
('OBS013','Vibración en dirección', 'SUSP'),
('OBS014','Cambio de filtro', 'PREV'),
('OBS015','Alineación y balanceo', 'NEUM'),
('OBS016','Revisión de transmisión', 'TRAN'),
('OBS017','Cambio de batería', 'ELEC'),
('OBS018','Revisión de frenos ABS', 'FREN'),
('OBS019','Falla en sensor', 'ELEC'),
('OBS020','Cristal dañado', 'CORR'),
('OBS021','Asiento roto', 'CORR'),
('OBS022','Pintura dañada', 'PINT'),
('OBS023','Puerta trabada', 'CORR'),
('OBS024','Revisión general', 'PREV'),
('OBS025','Mantenimiento completo', 'PREV');

INSERT INTO empleado (nombrePila, apdPaterno, apdMaterno, tipo_empleado) VALUES
('Nombre1', "Apellido1", "Materno1", "LIM"),
('Nombre2', "Apellido2", "Materno2", "LIM"),
('Nombre3', "Apellido3", "Materno3", "ADM"),
('Nombre4', "Apellido4", "Materno4", "SEG"),
('Nombre5', "Apellido5", "Materno5", "CON"),
('Nombre6', "Apellido6", "Materno6", "LIM"),
('Nombre7', "Apellido7", "Materno7", "GER"),
('Nombre8', "Apellido8", "Materno8", "ADM"),
('Nombre9', "Apellido9", "Materno9", "ASD"),
('Nombre10', "Apellido10", "Materno10", "ADM"),
('Nombre11', "Apellido11", "Materno11", "CON"),
('Nombre12', "Apellido12", "Materno12", "CON"),
('Nombre13', "Apellido13", "Materno13", "SUP"),
('Nombre14', "Apellido14", "Materno14", "SEG"),
('Nombre15', "Apellido15", "Materno15", "SUP"),
('Nombre16', "Apellido16", "Materno16", "SEG"),
('Nombre17', "Apellido17", "Materno17", "ADM"),
('Nombre18', "Apellido18", "Materno18", "SEG"),
('Nombre19', "Apellido19", "Materno19", "GER"),
('Nombre20', "Apellido20", "Materno20", "TEC"),
('Nombre21', "Apellido21", "Materno21", "ASD"),
('Nombre22', "Apellido22", "Materno22", "SEG"),
('Nombre23', "Apellido23", "Materno23", "TEC"),
('Nombre24', "Apellido24", "Materno24", "GER"),
('Nombre25', "Apellido25", "Materno25", "ADM");

INSERT INTO telefono (numTelefono, empleado) VALUES
('+52 664-101-4001', 1),
('+52 664-102-4002', 2),
('+52 664-103-4003', 3),
('+52 664-104-4004', 4),
('+52 664-105-4005', 5),
('+52 664-106-4006', 6),
('+52 664-107-4007', 7),
('+52 664-108-4008', 8),
('+52 664-109-4009', 9),
('+52 664-110-4010', 10),
('+52 664-111-4011', 11),
('+52 664-112-4012', 12),
('+52 664-113-4013', 13),
('+52 664-114-4014', 14),
('+52 664-115-4015', 15),
('+52 664-116-4016', 16),
('+52 664-117-4017', 17),
('+52 664-118-4018', 18),
('+52 664-119-4019', 19),
('+52 664-120-4020', 20);

INSERT INTO licencia (numero,fechaExpedicion, fechaVencimiento, empleado, tipo_licencia) VALUES
('MX22898504601','2020-12-21', "2025-12-21", 1, "C"),
('MX71366558702','2021-04-23', "2026-04-23", 2, "A"),
('MX13457434403','2022-08-21', "2027-08-21", 3, "F"),
('MX21379293504','2018-02-06', "2023-02-06", 4, "A"),
('MX60604674305','2018-06-12', "2023-06-12", 5, "E"),
('MX72873717106','2022-01-25', "2027-01-25", 6, "E"),
('MX20533137707','2019-11-10', "2024-11-10", 7, "F"),
('MX15161046408','2024-10-18', "2029-10-18", 8, "E"),
('MX54875021309','2021-03-04', "2026-03-04", 9, "C"),
('MX90890730010','2018-03-13', "2023-03-13", 10, "D"),
('MX37139587011','2020-01-03', "2025-01-03", 11, "A"),
('MX79438601912','2022-04-03', "2027-04-03", 12, "F"),
('MX80553996213','2018-03-23', "2023-03-23", 13, "D"),
('MX80259052414','2024-08-27', "2029-08-27", 14, "A"),
('MX98143102615','2018-11-01', "2023-11-01", 15, "E"),
('MX24773164316','2022-03-19', "2027-03-19", 16, "C"),
('MX75377097617','2018-02-03', "2023-02-03", 17, "C"),
('MX52958316918','2019-08-11', "2024-08-11", 18, "D"),
('MX24719874519','2020-07-06', "2025-07-06", 19, "C"),
('MX80080366220','2022-07-12', "2027-07-12", 20, "A"),
('MX86143087721','2022-10-04', "2027-10-04", 21, "C"),
('MX97256664222','2020-11-06', "2025-11-06", 22, "F"),
('MX43961597123','2022-02-25', "2027-02-25", 23, "E"),
('MX84022294324','2021-09-06', "2026-09-06", 24, "B"),
('MX56312944125','2023-12-20', "2028-12-20", 25, "F");

INSERT INTO seguro (numPoliza, fechaInicio, fechaVigencia, aseguradora, nvl_cobertura) VALUES
('POL-GENERAL-287412', '2023-01-08', '2024-01-08', 'BUPA', 3),
('POL-ATLAS-544970', '2024-05-29', '2024-01-08', 'ATLAS', 2),
('POL-BBVA-642299', '2024-01-26', '2024-01-08', 'BBVA', 1),
('POL-AXA-384096', '2023-02-06', '2024-01-08', 'BERK', 4),
('POL-BUPA-343942', '2023-04-26', '2024-01-08', 'CHUBB', 2),
('POL-SANT-291661', '2023-12-06', '2024-01-08', 'GNP', 1),
('POL-AXA-800970', '2023-06-03', '2024-01-08', 'CHUBB', 5),
('POL-MAPF-629632', '2024-03-24', '2024-01-08', 'SANT', 5),
('POL-SANT-521520', '2024-04-22', '2024-01-08', 'MAPF', 1),
('POL-BAN-254163', '2023-06-19', '2024-01-08', 'ABA', 3),
('POL-AXA-790219', '2024-04-21', '2024-01-08', 'ABA', 5),
('POL-LIBE-566150', '2023-04-20', '2024-01-08', 'ABA', 5),
('POL-ABA-437980', '2024-04-01', '2024-01-08', 'SEGU', 4),
('POL-GENERAL-414982', '2023-01-26', '2024-01-08', 'AFIR', 4),
('POL-INSU-398469', '2023-01-17', '2024-01-08', 'SANT', 1),
('POL-SURA-462699', '2023-05-15', '2024-01-08', 'CHUBB', 1),
('POL-METL-287979', '2023-11-08', '2024-01-08', 'METL', 3),
('POL-QUAL-177825', '2023-10-17', '2024-01-08', 'POTR', 5),
('POL-AFIR-958461', '2023-07-22', '2024-01-08', 'SURA', 2),
('POL-AFIR-857391', '2023-02-26', '2024-01-08', 'BBVA', 3),
('POL-AFIR-894889', '2023-02-18', '2024-01-08', 'SURA', 1),
('POL-ANA-538183', '2024-01-29', '2024-01-08', 'BBVA', 1),
('POL-POTR-413338', '2024-05-05', '2024-01-08', 'METL', 4),
('POL-QUAL-453880', '2023-01-28', '2024-01-08', 'BUPA', 3),
('POL-ZUR-535820', '2024-02-24', '2024-01-08', 'ABA', 4);

INSERT INTO vehiculo (numSerie,matricula, proposito, fechaAdquisicion, marca, modelo, licencia_requerida) VALUES
('90WMYD8SAXFW3TJH4','MNO-4982', 'Servicio técnico', '2023-09-24', 'VOL', 'VOL1', 'E'),
('ZT11ADTDYCZA5CH0Y','ABC-4121', 'Inspección', '2022-03-08', 'MIT', 'MIT1', 'A'),
('VE96EFKHU7HBZ3D87','MNO-6941', 'Reparto', '2023-08-22', 'MIT', 'MIT1', 'A'),
('0AMJRMFSW9YXSY9MK','JKL-4545', 'Logística', '2022-04-21', 'MAZ', 'MAZ1', 'D'),
('1FUB2UG68U94ZU1C4','ABC-3819', 'Mensajería', '2018-10-17', 'ISU', 'ISU1', 'D'),
('ESV9YND2PRKJXVRF3','DEF-6260', 'Carga Ligera', '2022-01-13', 'AUD', 'AUD2', 'D'),
('EWVNDKV0DE802A0CE','GHI-5541', 'Reparto', '2023-12-18', 'AUD', 'AUD1', 'A'),
('P5J8JL1XF3JH2T2BU','MNO-6913', 'Carga Ligera', '2024-04-14', 'GMC', 'GMC2', 'F'),
('UWSFGD1S7TH496T4G','DEF-9171', 'Transporte interno', '2019-07-07', 'VW', 'VW1', 'F'),
('B4MAPT3067AXFFCW3','GHI-7443', 'Traslado de personal', '2018-10-27', 'HON', 'HON2', 'F'),
('DRXAZ0E4LJ2MYFZL3','GHI-2225', 'Transporte interno', '2021-11-28', 'JEE', 'JEE2', 'C'),
('30LRC9SM6TFDW91BT','MNO-3543', 'Servicio técnico', '2022-11-01', 'BYD', 'BYD1', 'C'),
('70DKB7RK6CYPBKUTY','MNO-2412', 'Transporte ejecutivo', '2023-07-01', 'NIS', 'NIS2', 'A'),
('F58GEW2H5R2TP7WVW','GHI-7801', 'Transporte ejecutivo', '2024-07-11', 'TOY', 'TOY2', 'E'),
('8AT76YBVBRM5KWGJE','ABC-1941', 'Traslado de personal', '2018-03-23', 'SUZ', 'SUZ1', 'D'),
('KFJHP5662GS0SYR0L','JKL-5647', 'Reparto', '2024-11-19', 'MER', 'MER2', 'A'),
('ZU58GKC242SVD5LVV','ABC-3630', 'Reparto', '2022-07-25', 'BMW', 'BMW1', 'E'),
('YA6PFWUKFCS962WH0','GHI-3885', 'Mensajería', '2019-12-08', 'KIA', 'KIA2', 'C'),
('GTCCBFWS6DDRE97N5','JKL-1607', 'Uso Gerencial', '2019-07-14', 'BYD', 'BYD1', 'F'),
('AFW246GGJ026EH04R','JKL-4053', 'Mensajería', '2019-05-18', 'JEE', 'JEE1', 'E'),
('BX7RU59TDJ2YLH1P4','MNO-3040', 'Logística', '2020-02-03', 'JEE', 'JEE1', 'E'),
('42UNYM7MVX7XXVRF0','GHI-8190', 'Carga Ligera', '2023-07-14', 'MER', 'MER2', 'C'),
('BYD4J1U80TJ4DYTJN','MNO-7597', 'Inspección', '2020-12-09', 'NIS', 'NIS2', 'C'),
('BVT2SGH0E49SR8BGK','DEF-7175', 'Reparto', '2022-05-13', 'AUD', 'AUD1', 'B'),
('7X2L1NHK49KEN3KFA','MNO-8027', 'Transporte interno', '2020-05-22', 'PEU', 'PEU1', 'F');

INSERT INTO vehiculo_seguro (vehiculo,seguro) VALUES
('90WMYD8SAXFW3TJH4', 19),
('ZT11ADTDYCZA5CH0Y', 5),
('VE96EFKHU7HBZ3D87', 17),
('0AMJRMFSW9YXSY9MK', 9),
('1FUB2UG68U94ZU1C4', 12),
('ESV9YND2PRKJXVRF3', 25),
('EWVNDKV0DE802A0CE', 13),
('P5J8JL1XF3JH2T2BU', 21),
('UWSFGD1S7TH496T4G', 3),
('B4MAPT3067AXFFCW3', 4),
('DRXAZ0E4LJ2MYFZL3', 7),
('30LRC9SM6TFDW91BT', 6),
('70DKB7RK6CYPBKUTY', 15),
('F58GEW2H5R2TP7WVW', 5),
('8AT76YBVBRM5KWGJE', 4),
('KFJHP5662GS0SYR0L', 2),
('ZU58GKC242SVD5LVV', 13),
('YA6PFWUKFCS962WH0', 24),
('GTCCBFWS6DDRE97N5', 15),
('AFW246GGJ026EH04R', 16);

INSERT INTO solicitud (asunto, horaSolicitada, fechaSolicitada, vehiculo, edo_solicitud, solicitante, autorizador) VALUES
('Calibración de equipo', '10:45:00', '2024-10-25', 'GTCCBFWS6DDRE97N5', 9, 20, 3 ),
('Reunión', '14:15:00', '2024-11-21', 'B4MAPT3067AXFFCW3', 7, 7, 3 ),
('Reunión', '13:00:00', '2024-10-17', 'P5J8JL1XF3JH2T2BU', 7, 11, 3 ),
('Traslado de documentos', '10:45:00', '2024-11-27', 'ZT11ADTDYCZA5CH0Y', 3, 21, 3 ),
('Calibración de equipo', '12:45:00', '2024-10-11', '0AMJRMFSW9YXSY9MK', 9, 23, 3 ),
('Visita a almacén', '07:45:00', '2024-11-13', '42UNYM7MVX7XXVRF0', 6, 3, 3 ),
('Traslado de documentos', '14:15:00', '2024-10-16', 'KFJHP5662GS0SYR0L', 3, 23, 3 ),
('Visita a almacén', '08:00:00', '2024-10-18', 'B4MAPT3067AXFFCW3', 8, 13, 3 ),
('Visita a almacén', '11:30:00', '2024-10-27', '30LRC9SM6TFDW91BT', 7, 12, 3 ),
('Soporte técnico', '15:30:00', '2024-11-02', 'GTCCBFWS6DDRE97N5', 3, 10, 3 ),
('Traslado de documentos', '16:45:00', '2024-11-24', 'B4MAPT3067AXFFCW3', 4, 11, 3 ),
('Calibración de equipo', '11:45:00', '2024-11-14', 'GTCCBFWS6DDRE97N5', 2, 5, 3 ),
('Visita a almacén', '15:45:00', '2024-11-03', 'ESV9YND2PRKJXVRF3', 8, 9, 3 ),
('Reunión', '10:15:00', '2024-11-23', 'KFJHP5662GS0SYR0L', 2, 12, 3 ),
('Visita a almacén', '10:45:00', '2024-10-22', '42UNYM7MVX7XXVRF0', 3, 10, 3 ),
('Reunión', '07:30:00', '2024-11-17', '30LRC9SM6TFDW91BT', 5, 8, 3 ),
('Soporte técnico', '12:45:00', '2024-11-29', 'F58GEW2H5R2TP7WVW', 1, 3, 3 ),
('Traslado de documentos', '12:45:00', '2024-10-02', 'BX7RU59TDJ2YLH1P4', 5, 23, 3 ),
('Soporte técnico', '16:45:00', '2024-11-25', '1FUB2UG68U94ZU1C4', 8, 20, 3 ),
('Traslado de documentos', '13:30:00', '2024-11-30', 'ZU58GKC242SVD5LVV', 3, 3, 3 ),
('Traslado de documentos', '15:45:00', '2024-10-24', '70DKB7RK6CYPBKUTY', 6, 1, 3 ),
('Reunión', '11:15:00', '2024-11-07', 'P5J8JL1XF3JH2T2BU', 8, 10, 3 ),
('Visita a almacén', '15:15:00', '2024-10-26', 'UWSFGD1S7TH496T4G', 5, 17, 3 ),
('Calibración de equipo', '13:15:00', '2024-10-27', 'BX7RU59TDJ2YLH1P4', 1, 24, 3 ),
('Soporte técnico', '10:30:00', '2024-11-04', 'VE96EFKHU7HBZ3D87', 6, 19, 3 );

INSERT INTO bitacora (destino, asunto, horaSalida, horaEntrada, fechaSalida, fechaEntrada, gasSalida, gasEntrada, kmSalida, kmEntrada, kmTotal, kmPorLitro, salida, entrada, solicitud, vehiculo) VALUES
('Sucursal Sur', 'Inspección', '11:30:00', NULL, '2024-11-05', NULL, 32.9,NULL, 37641.4, NULL, NULL, NULL, TRUE, FALSE, 7, 'KFJHP5662GS0SYR0L'),
('Sucursal Norte', 'Visita técnica', '06:30:00', '18:45:00', '2024-10-08', '2024-10-08', 55.1, 42, 31087.5, 31216.7, 129.2, 10.8, TRUE, TRUE, 21, 'VE96EFKHU7HBZ3D87'),
('Oficinas Corporativas', 'Inspección', '06:15:00', '18:15:00', '2024-11-23', '2024-11-25', 61.8, 52.8, 8083.6, 8142, 58.4, 4.73, TRUE, TRUE, 7, '1FUB2UG68U94ZU1C4'),
('Oficinas Corporativas', 'Visita técnica', '09:45:00', '12:45:00', '2024-11-05', '2024-11-06', 83.5, 75.5, 5417.6, 5542.7, 125.1, 10.85, TRUE, TRUE, 24, 'AFW246GGJ026EH04R'),
('Oficinas Corporativas', 'Revisión', '15:45:00', '20:45:00', '2024-10-16', '2024-10-16', 79, 61.8, 23759.2, 23997.3, 238.1, 24.88, TRUE, TRUE, 3, 'ZU58GKC242SVD5LVV'),
('Sucursal Sur', 'Visita técnica', '15:45:00', '15:00:00', '2024-10-21', '2024-10-22', 82.8, 77.8, 6680.1, 6925, 244.9, 18.13, TRUE, TRUE, 13, 'F58GEW2H5R2TP7WVW'),
('Oficinas Corporativas', 'Inspección', '12:45:00', '10:15:00', '2024-10-20', '2024-10-21', 67.7, 64.2, 31829.8, 31940.7, 110.9, 8.37, TRUE, TRUE, 2, 'GTCCBFWS6DDRE97N5'),
('Planta', 'Visita técnica', '16:30:00', '09:45:00', '2024-10-27', '2024-10-29', 37.2, 23.4, 46818.5, 47061.6, 243.1, 25.82, TRUE, TRUE, 2, '8AT76YBVBRM5KWGJE'),
('Almacén Central', 'Traslado', '11:15:00', NULL, '2024-11-03', NULL, 53,NULL, 35918.8,NULL,NULL,NULL, TRUE, FALSE, 1, 'BYD4J1U80TJ4DYTJN'),
('Sucursal Sur', 'Entrega', '13:30:00', '08:45:00', '2024-10-17', '2024-10-19', 58.5, 52.1, 33677.1, 33854.4, 177.3, 11.2, TRUE, TRUE, 8, 'F58GEW2H5R2TP7WVW'),
('Centro de Distribución', 'Visita técnica', '06:15:00', '16:30:00', '2024-10-16', '2024-10-17', 33.9, 20.4, 9081, 9215.3, 134.3, 8.53, TRUE, TRUE, 18, 'EWVNDKV0DE802A0CE'),
('Planta', 'Revisión', '06:45:00', '17:45:00', '2024-11-17', '2024-11-19', 85.9, 74.8, 49796.3, 49823.3, 27, 1.87, TRUE, TRUE, 7, 'AFW246GGJ026EH04R'),
('Centro de Distribución', 'Visita técnica', '14:45:00', '19:30:00', '2024-11-12', '2024-11-14', 57.4, 42.4, 45264.2, 45415.5, 151.3, 12.62, TRUE, TRUE, 2, '90WMYD8SAXFW3TJH4'),
('Sucursal Norte', 'Entrega', '15:30:00', '13:15:00', '2024-10-18', '2024-10-18', 36.4, 29.9, 46217.5, 46357, 139.5, 12.01, TRUE, TRUE, 13, 'F58GEW2H5R2TP7WVW'),
('Oficinas Corporativas', 'Traslado', '08:30:00', NULL, '2024-10-03', NULL, 80.1,NULL, 15806.4,NULL,NULL,NULL, TRUE, FALSE, 21, '0AMJRMFSW9YXSY9MK'),
('Sucursal Sur', 'Traslado', '07:30:00', NULL, '2024-10-09', NULL, 35.3,NULL, 17383.8,NULL,NULL,NULL, TRUE, FALSE, 3, 'P5J8JL1XF3JH2T2BU'),
('Sucursal Sur', 'Entrega', '16:15:00', '16:45:00', '2024-10-14', '2024-10-14', 70.1, 66.9, 5545.7, 5642.2, 96.5, 9.64, TRUE, TRUE, 17, 'YA6PFWUKFCS962WH0'),
('Planta', 'Visita técnica', '08:00:00', '17:45:00', '2024-10-22', '2024-10-24', 83.5, 81.8, 18451.8, 18667, 215.2, 18.21, TRUE, TRUE, 20, 'DRXAZ0E4LJ2MYFZL3'),
('Planta', 'Revisión', '09:45:00', '12:15:00', '2024-10-19', '2024-10-21', 75.4, 71.2, 34451.6, 34488, 36.4, 3.64, TRUE, TRUE, 3, 'GTCCBFWS6DDRE97N5'),
('Centro de Distribución', 'Inspección', '07:15:00', '19:45:00', '2024-11-12', '2024-11-12', 70, 58, 49688.6, 49750.5, 61.9, 4.01, TRUE, TRUE, 8, 'ESV9YND2PRKJXVRF3'),
('Oficinas Corporativas', 'Revisión', '12:45:00', '08:00:00', '2024-10-12', '2024-10-13', 85.2, 84.2, 41775.3, 41948.6, 173.3, 12.29, TRUE, TRUE, 21, 'B4MAPT3067AXFFCW3'),
('Centro de Distribución', 'Traslado', '07:15:00', '13:30:00', '2024-10-12', '2024-10-12', 34.1, 29.6, 33005.4, 33248.3, 242.9, 23.41, TRUE, TRUE, 8, 'ESV9YND2PRKJXVRF3'),
('Centro de Distribución', 'Inspección', '10:45:00', '11:45:00', '2024-11-30', '2024-12-01', 58.4, 42.2, 14734.2, 14933.6, 199.4, 22.67, TRUE, TRUE, 18, '8AT76YBVBRM5KWGJE'),
('Oficinas Corporativas', 'Inspección', '11:30:00', '13:45:00', '2024-11-24', '2024-11-24', 52.3, 38.9, 39483.8, 39729.7, 245.9, 20.7, TRUE, TRUE, 2, '42UNYM7MVX7XXVRF0'),
('Sucursal Norte', 'Visita técnica', '09:30:00', '17:30:00', '2024-10-14', '2024-10-16', 85.4, 83.3, 1829.1, 1876.6, 47.5, 3.08, TRUE, TRUE, 13, 'EWVNDKV0DE802A0CE');

INSERT INTO empleado_bitacora (bitacora,empleado) VALUES
(12, 14),
(16, 15),
(9, 18),
(19, 25),
(20, 6),
(23, 8),
(12, 11),
(11, 17),
(16, 25),
(11, 22),
(3, 5),
(24, 18),
(10, 16),
(8, 1),
(8, 16),
(23, 18),
(9, 7),
(16, 18),
(9, 19),
(15, 6),
(4, 8),
(7, 22),
(11, 6),
(2, 16),
(16, 13),
(17, 15),
(22, 6),
(13, 24),
(9, 14),
(17, 13),
(17, 7),
(22, 14),
(1, 13),
(15, 14),
(4, 13),
(20, 10),
(2, 10),
(17, 18),
(25, 24),
(4, 11),
(9, 5),
(2, 14),
(8, 20),
(20, 5),
(1, 24),
(22, 5),
(22, 18),
(6, 25),
(20, 9),
(20, 7);

INSERT INTO observacion (descripcion, tipo_observacion, bitacora, entrada, salida) VALUES
('Nivel bajo de líquido de frenos', 'OBS020', 9, NULL, NULL),
('Llantas con desgaste', 'OBS023', 3, NULL, NULL),
('Nivel bajo de líquido de frenos', 'OBS017', 12, NULL, NULL),
('Sensor fallando', 'OBS020', 16, NULL, NULL),
('Cristal astillado', 'OBS008', 15, NULL, NULL),
('Cristal astillado', 'OBS017', 8, NULL, NULL),
('Llantas con desgaste', 'OBS002', 11, NULL, NULL),
('Sensor fallando', 'OBS024', 22, NULL, NULL),
('Cristal astillado', 'OBS019', 6, NULL, NULL),
('Cristal astillado', 'OBS012', 15, NULL, NULL),
('Foco delantero izquierdo fundido', 'OBS020', 20, NULL, NULL),
('Sensor fallando', 'OBS016', 19, NULL, NULL),
('Revisión de aceite pendiente', 'OBS017', 24, NULL, NULL),
('Llantas con desgaste', 'OBS015', 17, NULL, NULL),
('Revisión de aceite pendiente', 'OBS009', 20, NULL, NULL),
('Llantas con desgaste', 'OBS013', 4, NULL, NULL),
('Sensor fallando', 'OBS024', 24, NULL, NULL),
('Revisión de aceite pendiente', 'OBS006', 2, NULL, NULL),
('Golpe en carrocería', 'OBS024', 7, NULL, NULL),
('Cristal astillado', 'OBS013', 20, NULL, NULL),
('Golpe en carrocería', 'OBS018', 13, NULL, NULL),
('Llantas con desgaste', 'OBS020', 18, NULL, NULL),
('Foco delantero izquierdo fundido', 'OBS001', 12, NULL, NULL),
('Golpe en carrocería', 'OBS010', 10, NULL, NULL),
('Cristal astillado', 'OBS017', 22, NULL, NULL);

INSERT INTO mantenimiento (folio, razon, fechaProgramada, comentarios, tipo_mantenimiento, nvl_importancia, vehiculo, edo_mantenimiento) VALUES
('MANT-001','Revisión general', '2024-11-02', 'Revisión completa', 'CORR', 1, 'KFJHP5662GS0SYR0L', 7),
('MANT-002','Reparación de frenos', '2024-11-05', 'Limpieza general', 'MOTO', 1, 'ESV9YND2PRKJXVRF3', 4),
('MANT-003','Revisión general', '2024-12-11', 'Verificar suspensión', 'FREN', 1, '8AT76YBVBRM5KWGJE', 7),
('MANT-004','Reparación de frenos', '2024-12-26', 'Ajuste eléctrico', 'MOTO', 5, 'ESV9YND2PRKJXVRF3', 7),
('MANT-005','Limpieza profunda', '2024-12-30', 'Ajuste eléctrico', 'PREV', 4, 'DRXAZ0E4LJ2MYFZL3', 2),
('MANT-006','Mantenimiento preventivo por kilometraje', '2024-12-06', 'Revisar filtros y frenos', 'FREN', 5, 'BYD4J1U80TJ4DYTJN', 1),
('MANT-007','Cambio de aceite', '2024-12-31', 'Verificar suspensión', 'TRAN', 3, 'BX7RU59TDJ2YLH1P4', 8),
('MANT-008','Revisión general', '2024-11-10', 'Revisar filtros y frenos', 'ELEC', 4, 'P5J8JL1XF3JH2T2BU', 5),
('MANT-009','Mantenimiento preventivo por kilometraje', '2024-11-24', 'Verificar suspensión', 'ELEC', 3, 'UWSFGD1S7TH496T4G', 4),
('MANT-010','Revisión general', '2024-12-02', 'Verificar suspensión', 'SUSP', 5, 'ESV9YND2PRKJXVRF3', 6),
('MANT-011','Reemplazo de foco', '2024-11-30', 'Revisión completa', 'PREV', 4, 'ESV9YND2PRKJXVRF3', 6),
('MANT-012','Limpieza profunda', '2024-11-03', 'Verificar suspensión', 'MOTO', 5, 'AFW246GGJ026EH04R', 7),
('MANT-013','Revisión general', '2024-11-19', 'Revisión completa', 'PREV', 4, 'BX7RU59TDJ2YLH1P4', 3),
('MANT-014','Cambio de aceite', '2024-12-01', 'Revisar filtros y frenos', 'CORR', 1, 'DRXAZ0E4LJ2MYFZL3', 8),
('MANT-015','Mantenimiento preventivo por kilometraje', '2024-12-03', 'Ajuste eléctrico', 'SUSP', 4, '42UNYM7MVX7XXVRF0', 8),
('MANT-016','Mantenimiento preventivo por kilometraje', '2024-12-06', 'Verificar suspensión', 'CORR', 4, 'UWSFGD1S7TH496T4G', 9),
('MANT-017','Revisión general', '2024-12-19', 'Verificar suspensión', 'LAVA', 2, '1FUB2UG68U94ZU1C4', 6),
('MANT-018','Cambio de aceite', '2024-11-01', 'Reemplazar piezas desgastadas', 'PINT', 2, 'UWSFGD1S7TH496T4G', 3),
('MANT-019','Limpieza profunda', '2024-11-06', 'Revisión completa', 'TRAN', 1, '42UNYM7MVX7XXVRF0', 3),
('MANT-020','Limpieza profunda', '2024-11-09', 'Revisión completa', 'ELEC', 1, '8AT76YBVBRM5KWGJE', 3),
('MANT-021','Limpieza profunda', '2024-12-13', 'Revisar filtros y frenos', 'PREV', 4, 'F58GEW2H5R2TP7WVW', 3),
('MANT-022','Reparación de frenos', '2024-11-01', 'Revisar filtros y frenos', 'CORR', 1, '7X2L1NHK49KEN3KFA', 2),
('MANT-023','Revisión general', '2024-12-04', 'Revisar filtros y frenos', 'TRAN', 5, 'BVT2SGH0E49SR8BGK', 2),
('MANT-024','Reparación de frenos', '2024-12-01', 'Limpieza general', 'SUSP', 3, 'UWSFGD1S7TH496T4G', 5),
('MANT-025','Reemplazo de foco', '2024-11-02', 'Verificar suspensión', 'FREN', 2, '42UNYM7MVX7XXVRF0', 3);

